Date,mortes,mortes_vacinados,casos,hospitalizados,infectados_vacinados,vacinados,hospitalizados_vacinados
2020-04-02,1,0,51,4,0,0,0
2020-04-03,1,0,45,6,0,0,0
2020-04-06,1,0,80,2,0,0,0
2020-04-10,2,0,119,5,0,0,0
2020-04-14,2,0,114,3,0,0,0
2020-04-15,4,0,181,10,0,0,0
2020-04-16,4,0,129,6,0,0,0
2020-04-17,1,0,189,14,0,0,0
2020-04-18,1,0,188,9,0,0,0
2020-04-19,1,0,160,2,0,0,0
2020-04-21,2,0,162,7,0,0,0
2020-04-22,5,0,205,15,0,0,0
2020-04-23,2,0,192,8,0,0,0
2020-04-24,5,0,218,18,0,0,0
2020-04-25,3,0,223,18,0,0,0
2020-04-26,2,0,204,14,0,0,0
2020-04-27,3,0,243,12,0,0,0
2020-04-28,1,0,215,18,0,0,0
2020-04-29,4,0,231,17,0,0,0
2020-04-30,3,0,311,18,0,0,0
2020-05-01,2,0,586,11,0,0,0
2020-05-02,4,0,323,18,0,0,0
2020-05-03,5,0,320,21,0,0,0
2020-05-04,8,0,422,25,0,0,0
2020-05-05,2,0,463,16,0,0,0
2020-05-06,2,0,362,23,0,0,0
2020-05-07,8,0,425,35,0,0,0
2020-05-08,8,0,501,19,0,0,0
2020-05-09,7,0,394,30,0,0,0
2020-05-10,4,0,676,29,0,0,0
2020-05-11,7,0,621,27,0,0,0
2020-05-12,7,0,612,45,0,0,0
2020-05-13,4,0,614,43,0,0,0
2020-05-14,13,0,692,41,0,0,0
2020-05-15,8,0,915,35,0,0,0
2020-05-16,13,0,648,31,0,0,0
2020-05-17,8,0,606,40,0,0,0
2020-05-18,6,0,1015,49,0,0,0
2020-05-19,8,0,792,43,0,0,0
2020-05-20,8,0,1234,46,0,0,0
2020-05-21,8,0,752,52,0,0,0
2020-05-22,18,0,942,63,0,0,0
2020-05-23,22,0,842,51,0,0,0
2020-05-24,19,0,744,61,0,0,0
2020-05-25,16,0,1316,64,0,0,0
2020-05-26,22,0,915,64,0,0,0
2020-05-27,18,0,951,77,0,0,0
2020-05-28,23,0,1166,85,0,0,0
2020-05-29,21,0,1138,57,0,0,0
2020-05-30,21,0,1039,79,0,0,0
2020-05-31,22,0,732,58,0,0,0
2020-06-01,21,0,2007,84,0,0,0
2020-06-02,22,0,1290,79,0,0,0
2020-06-03,19,0,1242,65,0,0,0
2020-06-04,21,0,1320,80,0,0,0
2020-06-05,31,0,1485,82,0,0,0
2020-06-06,31,0,1362,73,0,0,0
2020-06-07,31,0,1033,77,0,0,0
2020-06-08,27,0,1662,66,0,0,0
2020-06-09,24,0,1424,83,0,0,0
2020-06-10,26,0,2104,104,0,0,0
2020-06-11,13,0,1312,92,0,0,0
2020-06-12,31,0,1688,82,0,0,0
2020-06-13,28,0,1632,85,0,0,0
2020-06-14,29,0,1733,79,0,0,0
2020-06-15,28,0,3156,88,0,0,0
2020-06-16,31,0,1913,79,0,0,0
2020-06-17,35,0,2230,101,0,0,0
2020-06-18,33,0,2132,82,0,0,0
2020-06-19,36,0,2086,81,0,0,0
2020-06-20,30,0,2448,83,0,0,0
2020-06-21,30,0,1525,72,0,0,0
2020-06-22,37,0,2494,92,0,0,0
2020-06-23,20,0,2130,100,0,0,0
2020-06-24,38,0,2049,93,0,0,0
2020-06-25,36,0,2500,85,0,0,0
2020-06-26,29,0,2451,92,0,0,0
2020-06-27,26,0,1934,80,0,0,0
2020-06-28,30,0,1991,78,0,0,0
2020-06-29,32,0,2969,87,0,0,0
2020-06-30,34,0,3032,85,0,0,0
2020-07-01,27,0,3802,90,0,0,0
2020-07-02,33,0,2660,81,0,0,0
2020-07-03,35,0,2599,84,0,0,0
2020-07-04,28,0,2052,84,0,0,0
2020-07-05,31,0,2300,64,0,0,0
2020-07-06,28,0,2852,97,0,0,0
2020-07-07,40,0,2906,86,0,0,0
2020-07-08,43,0,2352,104,0,0,0
2020-07-09,24,0,2141,86,0,0,0
2020-07-10,30,0,3379,96,0,0,0
2020-07-11,31,0,1953,100,0,0,0
2020-07-12,43,0,1855,91,0,0,0
2020-07-13,35,0,2789,108,0,0,0
2020-07-14,43,0,2399,96,0,0,0
2020-07-15,40,0,2448,93,0,0,0
2020-07-16,36,0,2156,83,0,0,0
2020-07-17,39,0,2504,92,0,0,0
2020-07-18,34,0,2186,91,0,0,0
2020-07-19,33,0,1621,90,0,0,0
2020-07-20,51,0,3158,90,0,0,0
2020-07-21,29,0,1901,106,0,0,0
2020-07-22,45,0,1976,97,0,0,0
2020-07-23,36,0,2215,103,0,0,0
2020-07-24,31,0,1961,89,0,0,0
2020-07-25,35,0,1743,83,0,0,0
2020-07-26,33,0,1556,57,0,0,0
2020-07-27,31,0,2422,78,0,0,0
2020-07-28,41,0,1965,76,0,0,0
2020-07-29,43,0,1636,82,0,0,0
2020-07-30,38,0,2147,88,0,0,0
2020-07-31,30,0,1990,80,0,0,0
2020-08-01,39,0,2651,67,0,0,0
2020-08-02,29,0,2198,64,0,0,0
2020-08-03,37,0,2149,75,0,0,0
2020-08-04,42,0,1722,72,0,0,0
2020-08-05,42,0,1786,71,0,0,0
2020-08-06,35,0,1845,75,0,0,0
2020-08-07,29,0,1881,85,0,0,0
2020-08-08,35,0,1583,64,0,0,0
2020-08-09,27,0,1367,74,0,0,0
2020-08-10,25,0,2595,81,0,0,0
2020-08-11,34,0,1872,88,0,0,0
2020-08-12,27,0,2191,93,0,0,0
2020-08-13,26,0,1779,66,0,0,0
2020-08-14,35,0,1958,57,0,0,0
2020-08-15,39,0,1653,45,0,0,0
2020-08-16,31,0,1203,77,0,0,0
2020-08-17,26,0,2019,80,0,0,0
2020-08-18,15,0,1837,71,0,0,0
2020-08-19,34,0,1513,91,0,0,0
2020-08-20,25,0,2058,68,0,0,0
2020-08-21,28,0,1592,71,0,0,0
2020-08-22,26,0,1125,53,0,0,0
2020-08-23,24,0,1013,58,0,0,0
2020-08-24,17,0,1391,56,0,0,0
2020-08-25,24,0,1500,62,0,0,0
2020-08-26,29,0,1299,55,0,0,0
2020-08-27,28,0,1138,50,0,0,0
2020-08-28,20,0,1374,61,0,0,0
2020-08-29,19,0,787,54,0,0,0
2020-08-30,18,0,798,40,0,0,0
2020-08-31,25,0,1192,56,0,0,0
2020-09-01,20,0,1344,61,0,0,0
2020-09-02,28,0,1011,46,0,0,0
2020-09-03,17,0,888,55,0,0,0
2020-09-04,17,0,1027,51,0,0,0
2020-09-05,21,0,865,37,0,0,0
2020-09-06,24,0,701,38,0,0,0
2020-09-07,22,0,814,49,0,0,0
2020-09-08,14,0,1151,55,0,0,0
2020-09-09,19,0,1040,48,0,0,0
2020-09-10,17,0,1185,53,0,0,0
2020-09-11,29,0,1039,50,0,0,0
2020-09-12,15,0,864,28,0,0,0
2020-09-13,16,0,730,37,0,0,0
2020-09-14,18,0,1040,50,0,0,0
2020-09-15,26,0,1054,56,0,0,0
2020-09-16,17,0,983,49,0,0,0
2020-09-17,21,0,1078,54,0,0,0
2020-09-18,14,0,1027,54,0,0,0
2020-09-19,15,0,783,46,0,0,0
2020-09-20,20,0,907,39,0,0,0
2020-09-21,25,0,1043,56,0,0,0
2020-09-22,16,0,878,44,0,0,0
2020-09-23,14,0,921,49,0,0,0
2020-09-24,14,0,943,46,0,0,0
2020-09-25,13,0,1113,43,0,0,0
2020-09-26,13,0,728,38,0,0,0
2020-09-27,14,0,712,37,0,0,0
2020-09-28,20,0,1112,31,0,0,0
2020-09-29,13,0,832,52,0,0,0
2020-09-30,19,0,916,46,0,0,0
2020-10-01,20,0,1187,36,0,0,0
2020-10-02,14,0,997,49,0,0,0
2020-10-03,10,0,751,46,0,0,0
2020-10-04,12,0,654,39,0,0,0
2020-10-05,18,0,1179,55,0,0,0
2020-10-06,18,0,922,53,0,0,0
2020-10-07,15,0,904,53,0,0,0
2020-10-08,21,0,968,55,0,0,0
2020-10-09,16,0,1033,44,0,0,0
2020-10-10,18,0,992,33,0,0,0
2020-10-11,11,0,695,41,0,0,0
2020-10-12,20,0,845,37,0,0,0
2020-10-13,17,0,1098,58,0,0,0
2020-10-14,14,0,1007,54,0,0,0
2020-10-15,17,0,1116,49,0,0,0
2020-10-16,11,0,1009,43,0,0,0
2020-10-17,12,0,853,37,0,0,0
2020-10-18,13,0,866,28,0,0,0
2020-10-19,12,0,1205,54,0,0,0
2020-10-20,19,0,1211,58,0,0,0
2020-10-21,14,0,957,48,0,0,0
2020-10-22,16,0,959,38,0,0,0
2020-10-23,8,0,1034,36,0,0,0
2020-10-24,15,0,729,39,0,0,0
2020-10-25,10,0,748,34,0,0,0
2020-10-26,11,0,1066,47,0,0,0
2020-10-27,15,0,894,52,0,0,0
2020-10-28,11,0,914,40,0,0,0
2020-10-29,13,0,889,35,0,0,0
2020-10-30,16,0,875,38,0,0,0
2020-10-31,9,0,690,31,0,0,0
2020-11-01,14,0,945,35,0,0,0
2020-11-02,13,0,910,42,0,0,0
2020-11-03,12,0,1022,44,0,0,0
2020-11-04,15,0,989,49,0,0,0
2020-11-05,18,0,1110,47,0,0,0
2020-11-06,7,0,1089,43,0,0,0
2020-11-07,16,0,935,36,0,0,0
2020-11-08,16,0,921,31,0,0,0
2020-11-09,11,0,1428,48,0,0,0
2020-11-10,12,0,1374,51,0,0,0
2020-11-11,10,0,1125,38,0,0,0
2020-11-12,7,0,1219,45,0,0,0
2020-11-13,14,0,1391,50,0,0,0
2020-11-14,10,0,1239,60,0,0,0
2020-11-15,16,0,1561,35,0,0,0
2020-11-16,12,0,2050,63,0,0,0
2020-11-17,10,0,1936,55,0,0,0
2020-11-18,13,0,2032,62,0,0,0
2020-11-19,10,0,2113,63,0,0,0
2020-11-20,9,0,3057,58,0,0,0
2020-11-21,16,0,1939,59,0,0,0
2020-11-22,14,0,1946,57,0,0,0
2020-11-23,16,0,2839,71,0,0,0
2020-11-24,20,0,2148,76,0,0,0
2020-11-25,15,0,2349,79,0,0,0
2020-11-26,14,0,2080,89,0,0,0
2020-11-27,20,0,2322,88,0,0,0
2020-11-28,17,0,2037,72,0,0,0
2020-11-29,26,0,1866,79,0,0,0
2020-11-30,14,0,2928,86,0,0,0
2020-12-01,18,0,2815,88,0,0,0
2020-12-02,23,0,2414,95,0,0,0
2020-12-03,19,0,2401,110,0,0,0
2020-12-04,13,0,2511,91,0,0,0
2020-12-05,20,0,2174,78,0,0,0
2020-12-06,27,0,1856,71,0,0,0
2020-12-07,21,0,2678,96,0,0,0
2020-12-08,23,0,2269,96,0,0,0
2020-12-09,21,0,2313,95,0,0,0
2020-12-10,20,0,2665,92,0,0,0
2020-12-11,31,0,2345,93,0,0,0
2020-12-12,31,0,2043,108,0,0,0
2020-12-13,29,0,1687,80,0,0,0
2020-12-14,24,0,2450,111,0,0,0
2020-12-15,28,0,2035,99,0,0,0
2020-12-16,32,0,1919,102,0,0,0
2020-12-17,25,0,1883,99,0,0,0
2020-12-18,30,0,2059,92,0,0,0
2020-12-19,34,0,1396,84,0,0,0
2020-12-20,20,0,1528,84,0,0,0
2020-12-21,20,0,1787,124,0,0,0
2020-12-22,32,0,1601,107,0,0,0
2020-12-23,26,0,1689,76,0,0,0
2020-12-24,25,0,1572,63,0,0,0
2020-12-25,22,0,1481,77,0,0,0
2020-12-26,31,0,1490,70,0,0,0
2020-12-27,25,0,1282,77,0,0,0
2020-12-28,26,0,1780,70,0,0,0
2020-12-29,17,0,1489,92,0,0,0
2020-12-30,33,0,1667,71,0,0,0
2020-12-31,15,0,1613,60,0,0,0
2021-01-01,37,0,2443,86,0,0,0
2021-01-02,36,0,1985,79,0,0,0
2021-01-03,24,0,2067,76,0,0,0
2021-01-04,39,0,2706,114,0,0,0
2021-01-05,30,0,2336,104,0,0,0
2021-01-06,14,0,2059,108,0,0,0
2021-01-07,31,0,2036,114,0,0,0
2021-01-08,30,0,2287,96,0,0,0
2021-01-09,27,0,1948,99,0,0,0
2021-01-10,25,0,2202,74,0,0,0
2021-01-11,29,0,2212,114,0,0,0
2021-01-12,20,0,2040,111,0,0,0
2021-01-13,36,0,1935,115,0,0,0
2021-01-14,24,0,1911,96,0,0,0
2021-01-15,30,0,2302,106,0,0,0
2021-01-16,30,0,1620,90,0,0,0
2021-01-17,32,0,1612,78,0,0,0
2021-01-18,23,0,2295,86,0,65,0
2021-01-19,23,0,1870,90,1,189,0
2021-01-20,29,0,2009,91,0,831,0
2021-01-21,33,0,1788,89,1,1543,0
2021-01-22,22,0,1898,85,1,1870,0
2021-01-23,32,0,1552,69,0,1981,0
2021-01-24,28,0,1554,84,3,2065,0
2021-01-25,35,0,2187,96,0,4887,0
2021-01-26,19,0,1806,77,5,16244,0
2021-01-27,35,0,1718,82,8,28535,0
2021-01-28,23,0,1953,88,5,39064,0
2021-01-29,37,0,1893,96,9,45737,0
2021-01-30,28,0,1609,82,15,50117,0
2021-01-31,28,0,1630,73,13,57142,0
2021-02-01,25,0,2870,106,28,68444,0
2021-02-02,34,0,2138,93,24,78176,0
2021-02-03,29,0,2127,112,27,85782,0
2021-02-04,44,0,2219,111,29,93314,1
2021-02-05,29,0,2461,92,44,102785,0
2021-02-06,18,0,2037,106,38,108101,0
2021-02-07,29,0,1861,109,34,108260,1
2021-02-08,26,0,2677,125,51,111540,0
2021-02-09,22,0,2319,112,38,113337,1
2021-02-10,22,0,2826,137,51,115082,0
2021-02-11,36,0,2380,127,47,117090,4
2021-02-12,28,0,2708,132,53,119966,3
2021-02-13,27,0,2309,129,57,120577,3
2021-02-14,35,0,2268,114,49,120775,3
2021-02-15,27,1,3355,146,74,125919,2
2021-02-16,28,0,2678,144,56,134494,1
2021-02-17,29,0,2912,162,68,151153,1
2021-02-18,33,0,3377,150,75,170855,4
2021-02-19,41,0,3349,144,82,185830,4
2021-02-20,41,0,3490,145,104,188476,3
2021-02-21,43,0,2594,135,66,188839,2
2021-02-22,41,0,3648,167,80,205159,6
2021-02-23,39,0,2906,162,104,217768,5
2021-02-24,42,2,2844,171,99,225515,4
2021-02-25,46,0,3205,212,108,239661,4
2021-02-26,51,1,3305,187,124,264709,4
2021-02-27,50,1,2854,153,96,281554,3
2021-02-28,43,0,3257,178,118,290707,2
2021-03-01,52,2,4542,232,211,314054,3
2021-03-02,48,1,3165,226,133,339391,3
2021-03-03,62,1,2835,220,110,361338,5
2021-03-04,60,0,2995,219,125,381556,7
2021-03-05,56,4,3449,230,160,397272,14
2021-03-06,70,0,2626,211,111,402070,9
2021-03-07,73,2,2309,233,77,404307,11
2021-03-08,62,4,3354,251,157,424336,8
2021-03-09,69,1,2722,231,128,447279,6
2021-03-10,54,0,3194,233,158,464534,7
2021-03-11,85,0,2538,233,129,482078,11
2021-03-12,72,3,2952,237,140,493980,9
2021-03-13,61,5,2347,245,114,495993,10
2021-03-14,81,4,2159,206,88,496442,13
2021-03-15,73,3,3069,241,151,502487,12
2021-03-16,77,4,2198,232,125,508026,15
2021-03-17,76,3,2242,252,92,512683,9
2021-03-18,85,5,2504,243,131,518137,23
2021-03-19,77,4,2526,212,126,521518,22
2021-03-20,94,5,2612,201,98,522219,9
2021-03-21,82,8,1881,227,79,523078,16
2021-03-22,75,6,2628,220,112,540873,14
2021-03-23,65,9,2033,277,94,569920,16
2021-03-24,72,5,2009,203,107,597998,8
2021-03-25,90,7,2279,204,118,623958,13
2021-03-26,85,7,2330,237,148,658253,8
2021-03-27,75,5,1846,198,89,671298,11
2021-03-28,67,9,1799,181,103,683634,10
2021-03-29,66,4,2206,217,137,728273,14
2021-03-30,74,5,1840,228,80,772060,15
2021-03-31,67,4,1939,220,124,818067,10
2021-04-01,79,5,2908,204,199,835477,9
2021-04-02,80,5,2122,189,139,836692,11
2021-04-03,72,7,1986,156,117,845848,13
2021-04-04,83,4,2058,180,128,847773,9
2021-04-05,83,8,2675,216,205,869841,28
2021-04-06,64,2,2057,213,160,890616,19
2021-04-07,73,3,1908,216,145,910401,14
2021-04-08,76,7,2167,196,132,936986,18
2021-04-09,75,6,2367,187,196,970245,16
2021-04-10,65,8,2582,169,207,989043,15
2021-04-11,63,7,1867,146,119,991500,11
2021-04-12,58,5,2604,193,198,1040442,20
2021-04-13,69,7,2130,218,149,1079441,26
2021-04-14,72,6,2086,211,180,1119382,34
2021-04-15,77,5,2188,239,154,1167465,26
2021-04-16,67,11,2416,183,196,1213098,23
2021-04-17,69,6,1892,160,158,1257486,23
2021-04-18,77,12,1763,156,154,1277707,22
2021-04-19,73,11,2568,181,191,1379743,23
2021-04-20,65,9,2697,189,249,1473648,18
2021-04-21,49,7,1792,177,168,1502947,24
2021-04-22,71,16,2367,188,207,1574345,31
2021-04-23,53,15,2532,234,255,1632112,37
2021-04-24,68,7,2208,180,200,1673526,35
2021-04-25,70,13,2290,168,221,1689167,25
2021-04-26,71,7,2746,194,277,1772979,35
2021-04-27,71,14,2150,193,236,1847271,33
2021-04-28,67,8,2279,196,243,1894447,37
2021-04-29,67,7,1990,188,218,1930122,24
2021-04-30,72,11,2619,183,288,1973362,29
2021-05-01,55,8,3037,193,351,1992838,33
2021-05-02,57,8,2375,181,266,1998699,28
2021-05-03,52,15,2876,221,332,2062734,42
2021-05-04,71,8,2552,236,308,2133094,40
2021-05-05,78,18,2770,212,319,2209278,36
2021-05-06,70,12,2724,200,372,2285452,21
2021-05-07,74,18,2860,215,374,2351410,35
2021-05-08,58,10,2697,188,386,2379224,45
2021-05-09,76,20,2687,210,361,2380012,36
2021-05-10,66,15,4082,206,583,2446605,48
2021-05-11,67,8,2753,236,441,2524005,56
2021-05-12,71,20,2793,251,427,2578827,63
2021-05-13,67,12,2752,224,455,2630593,53
2021-05-14,54,13,3352,247,541,2671130,58
2021-05-15,72,24,3562,197,592,2713671,38
2021-05-16,52,10,2832,255,429,2728348,62
2021-05-17,65,16,3885,260,640,2781654,67
2021-05-18,71,19,3143,308,572,2831880,92
2021-05-19,62,15,3164,264,554,2877250,73
2021-05-20,82,16,3751,288,708,2926473,70
2021-05-21,58,15,3262,252,552,2977104,58
2021-05-22,85,25,2934,235,534,3000134,63
2021-05-23,64,16,2773,231,470,3001025,57
2021-05-24,67,23,3613,251,663,3027400,69
2021-05-25,63,18,3372,255,651,3058462,68
2021-05-26,63,17,2827,249,501,3085267,70
2021-05-27,58,15,2843,287,522,3152613,93
2021-05-28,67,24,3354,247,643,3229412,56
2021-05-29,59,18,2512,220,468,3247516,65
2021-05-30,60,21,2294,216,439,3249331,66
2021-05-31,52,22,2999,243,588,3303414,59
2021-06-01,79,24,3468,273,712,3355650,77
2021-06-02,69,27,2762,245,594,3407502,74
2021-06-03,58,22,2580,232,523,3453813,65
2021-06-04,63,21,3130,267,706,3528418,63
2021-06-05,69,22,2930,226,640,3556322,79
2021-06-06,66,23,2544,200,588,3560054,53
2021-06-07,59,19,3111,224,732,3642102,68
2021-06-08,76,25,2440,240,601,3722612,68
2021-06-09,66,27,2365,252,585,3783023,73
2021-06-10,77,31,2954,248,725,3847846,84
2021-06-11,70,21,2652,202,627,3938898,64
2021-06-12,57,23,2368,199,550,3976028,54
2021-06-13,71,26,2128,191,539,3979802,61
2021-06-14,55,22,2725,204,701,4037494,64
2021-06-15,56,16,2241,213,619,4092184,77
2021-06-16,67,26,1973,226,560,4149444,72
2021-06-17,59,31,2043,202,554,4189517,74
2021-06-18,57,28,2285,211,671,4234451,63
2021-06-19,70,34,1863,190,529,4272101,59
2021-06-20,67,27,1955,178,570,4285053,50
2021-06-21,57,25,1793,200,509,4367164,70
2021-06-22,63,25,1854,210,561,4442418,66
2021-06-23,69,22,1735,175,552,4476194,63
2021-06-24,46,18,1597,152,463,4483223,65
2021-06-25,64,22,2005,156,565,4531015,61
2021-06-26,52,24,1686,154,502,4572017,62
2021-06-27,45,16,1531,132,501,4589426,49
2021-06-28,45,24,1890,173,581,4672618,61
2021-06-29,41,20,1411,153,456,4727959,59
2021-06-30,58,21,1696,152,580,4767250,62
2021-07-01,45,19,2013,157,657,4858564,56
2021-07-02,40,18,1455,135,443,4903592,54
2021-07-03,45,24,1463,130,500,4928680,50
2021-07-04,43,24,1279,118,409,4960940,59
2021-07-05,50,25,1739,136,549,5070608,47
2021-07-06,47,16,1446,139,481,5183027,60
2021-07-07,47,24,1240,124,417,5250643,41
2021-07-08,39,15,1224,128,433,5301574,52
2021-07-09,31,14,1399,134,510,5353527,53
2021-07-10,35,23,1517,97,554,5374617,43
2021-07-11,44,26,1146,90,394,5379032,43
2021-07-12,36,17,1484,106,561,5422585,44
2021-07-13,27,16,1203,119,465,5470477,54
2021-07-14,33,14,1145,105,403,5497012,46
2021-07-15,27,15,1153,125,443,5521396,63
2021-07-16,39,18,1191,114,465,5566700,55
2021-07-17,30,14,930,73,371,5634988,34
2021-07-18,34,17,884,55,345,5639808,22
2021-07-19,38,21,1229,101,492,5711430,46
2021-07-20,31,20,1055,95,373,5790059,46
2021-07-21,23,11,787,73,295,5873235,22
2021-07-22,25,10,752,87,286,5990359,37
2021-07-23,29,16,860,65,348,6077445,31
2021-07-24,31,14,710,67,282,6101508,30
2021-07-25,25,12,722,48,304,6108177,22
2021-07-26,23,10,837,70,337,6165764,34
2021-07-27,27,11,693,67,277,6225846,29
2021-07-28,25,16,602,66,247,6263287,29
2021-07-29,29,15,594,50,255,6315853,22
2021-07-30,22,11,644,64,267,6346808,28
2021-07-31,29,21,487,50,206,6355869,18
2021-08-01,19,8,636,48,264,6371103,22
2021-08-02,14,9,669,53,285,6429077,31
2021-08-03,20,11,496,49,232,6503024,26
2021-08-04,19,12,452,39,193,6575501,21
2021-08-05,24,11,472,46,200,6631316,15
2021-08-06,25,14,535,37,227,6689202,18
2021-08-07,17,10,428,32,195,6739505,16
2021-08-08,20,10,444,29,208,6742562,12
2021-08-09,11,7,594,54,280,6866605,23
2021-08-10,18,11,531,30,258,6999245,12
2021-08-11,17,12,348,46,161,7096864,27
2021-08-12,19,13,383,42,178,7195253,23
2021-08-13,16,5,483,32,247,7298835,14
2021-08-14,18,6,349,34,184,7334817,24
2021-08-15,27,14,396,21,202,7349620,13
2021-08-16,19,10,433,36,213,7441320,18
2021-08-17,11,9,327,34,167,7536309,18
2021-08-18,11,8,312,19,168,7683699,12
2021-08-19,6,3,346,29,197,7795781,16
2021-08-20,5,2,407,25,228,7865369,12
2021-08-21,9,6,271,24,142,7914389,16
2021-08-22,10,7,249,28,133,7935904,17
2021-08-23,19,7,304,33,170,8049005,16
2021-08-24,13,5,245,33,151,8167429,17
2021-08-25,17,9,277,34,165,8262771,11
2021-08-26,6,2,240,24,153,8351893,16
2021-08-27,8,6,242,31,152,8406473,14
2021-08-28,12,6,239,15,140,8437072,10
2021-08-29,8,3,224,12,128,8440833,9
2021-08-30,4,3,305,18,183,8508250,15
2021-08-31,9,6,169,22,113,8579269,11
2021-09-01,5,3,180,17,112,8631600,9
2021-09-02,7,5,179,18,113,8675264,9
2021-09-03,6,2,184,13,118,8709013,6
2021-09-04,6,2,144,9,84,8719944,4
2021-09-05,4,3,158,17,96,8722326,8
2021-09-06,4,4,206,19,119,8733740,14
2021-09-07,4,1,179,17,110,8735213,15
2021-09-08,4,1,161,24,86,8771094,14
2021-09-09,5,5,204,12,112,8816026,2
2021-09-10,12,4,240,17,136,8853651,13
2021-09-11,6,1,179,17,119,8866738,8
2021-09-12,12,7,207,19,129,8868982,11
2021-09-13,6,3,244,11,160,8913129,8
2021-09-14,6,3,194,13,115,8964239,10
2021-09-15,3,1,222,24,135,9023257,12
2021-09-17,3,2,235,18,148,9097329,13
2021-09-18,3,2,197,20,125,9121453,13
2021-09-19,3,1,207,11,125,9123824,8
2021-09-20,3,2,262,16,168,9191879,7
2021-09-21,3,2,157,18,106,9267882,12
2021-09-22,6,2,165,15,113,9341975,11
2021-09-23,5,4,181,14,112,9408145,10
2021-09-25,5,5,193,13,128,9475451,5
2021-09-26,4,3,211,19,134,9477253,9
2021-09-27,6,4,223,16,155,9532359,10
2021-09-28,8,4,192,11,128,9591690,7
2021-09-29,6,3,181,12,114,9649875,8
2021-09-30,7,3,182,12,121,9711935,8
2021-10-01,6,3,260,18,163,9760531,8
2021-10-02,5,5,178,10,116,9774246,5
2021-10-03,9,5,193,7,123,9774716,4
2021-10-04,4,3,186,21,131,9812088,14
2021-10-05,6,4,148,13,95,9849251,8
2021-10-06,4,1,146,13,94,9882310,11
2021-10-07,5,3,157,18,107,9923140,13
2021-10-08,5,3,189,19,114,9962155,14
2021-10-09,6,4,187,11,128,9968406,6
2021-10-10,4,2,262,12,164,9969754,8
2021-10-11,6,3,235,16,155,9976463,9
2021-10-12,6,6,196,10,129,9977084,4
2021-10-13,4,3,204,16,140,10010686,7
2021-10-14,4,2,214,18,158,10044233,11
2021-10-15,4,3,286,18,176,10068348,11
2021-10-16,3,1,221,18,148,10074620,12
2021-10-17,8,3,237,11,147,10076720,5
2021-10-18,9,5,326,14,226,10101086,8
2021-10-19,5,4,245,16,171,10130101,9
2021-10-20,5,4,283,14,187,10162296,10
2021-10-21,3,2,213,19,136,10201155,10
2021-10-22,3,2,290,25,203,10235603,14
2021-10-23,3,0,268,14,183,10246407,7
2021-10-24,4,2,234,8,158,10249229,5
2021-10-25,2,1,301,20,185,10282810,10
2021-10-26,4,2,188,25,111,10326774,15
2021-10-27,5,3,202,17,137,10359591,7
2021-10-28,7,5,210,13,136,10390165,8
2021-10-29,5,2,209,16,140,10406818,9
2021-10-30,7,6,227,11,154,10410595,7
2021-10-31,9,5,226,11,156,10410829,6
2021-11-01,7,5,340,18,236,10411964,10
2021-11-02,9,6,222,22,149,10412235,10
2021-11-03,2,1,230,9,157,10431796,3
2021-11-04,4,3,262,20,182,10453066,12
2021-11-05,4,2,331,12,224,10469146,7
2021-11-06,8,6,291,12,198,10474127,6
2021-11-07,4,2,252,12,173,10474540,8
2021-11-08,6,6,312,11,206,10492390,8
2021-11-09,4,3,265,21,161,10522656,11
2021-11-10,2,1,257,5,177,10552220,2
2021-11-11,8,3,247,17,166,10578982,10
2021-11-12,5,3,302,13,203,10599339,9
2021-11-13,8,4,328,9,214,10603379,4
2021-11-14,5,2,281,11,200,10603506,9
2021-11-15,2,1,365,13,256,10603824,9
2021-11-16,6,5,316,17,227,10623800,7
2021-11-17,3,2,289,10,198,10643812,4
2021-11-18,3,2,309,8,213,10663347,3
2021-11-19,1,1,344,20,249,10679762,12
2021-11-20,7,6,373,15,243,10684339,7
2021-11-21,7,4,293,13,190,10684636,6
2021-11-22,10,7,353,13,231,10698889,7
2021-11-23,8,3,248,21,180,10715978,12
2021-11-24,6,2,247,19,163,10732499,16
2021-11-25,6,4,326,23,226,10757045,14
2021-11-26,7,5,325,16,240,10776886,11
2021-11-27,5,3,278,9,191,10778350,3
2021-11-28,4,2,273,12,187,10778528,6
2021-11-29,7,6,311,18,209,10796913,11
2021-11-30,6,4,299,14,204,10820938,8
2021-12-01,4,2,307,12,211,10842489,3
2021-12-02,7,4,256,16,183,10859811,7
2021-12-03,6,3,260,12,182,10873334,8
2021-12-04,5,3,254,18,174,10878671,10
2021-12-05,5,2,204,6,152,10879811,3
2021-12-06,8,6,227,17,151,10895789,12
2021-12-07,3,2,199,22,131,10914484,12
2021-12-08,6,5,208,20,157,10927310,13
2021-12-09,3,0,218,22,140,10940466,11
2021-12-10,8,4,277,11,182,10951343,6
2021-12-11,9,5,168,10,118,10953168,7
2021-12-12,4,0,203,18,139,10953516,13
2021-12-13,5,5,263,12,181,10965739,9
2021-12-14,6,4,183,14,125,10980932,7
2021-12-15,3,3,201,13,168,10994313,5
2021-12-16,5,2,200,18,138,11006285,14
2021-12-17,1,1,171,29,127,11015586,17
2021-12-18,7,6,196,14,156,11017617,11
2021-12-19,3,1,164,14,114,11018002,9
2021-12-20,7,3,247,23,181,11028077,17
2021-12-21,6,3,141,18,105,11040019,8
2021-12-22,8,5,196,18,130,11050045,12
2021-12-23,2,1,214,15,162,11056699,9
2021-12-24,5,4,269,14,206,11056896,10
2021-12-25,9,3,276,16,208,11056922,10
2021-12-26,4,0,291,13,217,11056978,11
2021-12-27,7,5,362,20,264,11062862,14
2021-12-28,14,10,327,21,259,11069585,15
2021-12-29,9,8,290,17,220,11075896,11
2021-12-30,11,7,455,18,341,11079888,14
2021-12-31,9,4,636,12,496,11080069,8
2022-01-01,6,3,1281,13,1019,11080118,10
2022-01-02,3,0,1423,30,1144,11080236,21
2022-01-03,3,3,1787,26,1448,11086588,20
2022-01-04,6,3,1457,45,1204,11095212,29
2022-01-05,10,5,1422,38,1146,11104037,30
2022-01-06,8,4,1322,41,1091,11111821,23
2022-01-07,6,3,1769,31,1451,11119644,21
2022-01-08,10,7,2024,45,1643,11120193,32
2022-01-09,8,6,2181,40,1749,11120253,29
2022-01-10,6,3,3517,44,2894,11128589,29
2022-01-11,12,7,2465,61,2034,11137047,41
2022-01-12,9,7,2551,41,2102,11145804,23
2022-01-13,10,7,2878,63,2387,11153453,47
2022-01-14,15,8,4258,55,3534,11157995,40
2022-01-15,11,8,4548,69,3755,11158857,56
2022-01-16,13,8,4558,45,3843,11159110,34
2022-01-17,11,8,6087,75,5180,11167303,44
2022-01-18,14,10,5341,91,4482,11182500,72
2022-01-19,18,11,4873,114,4062,11200728,86
2022-01-20,19,13,6433,87,5399,11220034,64
2022-01-21,21,16,6226,88,5267,11235677,59
2022-01-22,21,11,6132,101,5190,11239272,71
2022-01-23,13,10,6205,103,5249,11239490,72
2022-01-24,26,17,7421,129,6264,11257107,99
